speaker_id,name,gender,category,region,birth_year,reference_images,exclude_from_train,use,
id000001,Amaia Salamanca,female,actress,Madrid,1986,references/id000001_1.jpg;references/id000001_2.jpg,0,1,
id000002,Mario Vaquerizo,male,journalist,Madrid,1974,references/id000002_1.jpg;references/id000002_2.jpg,0,1,
id000003,Carolina Yuste,female,actress,Extremadura,1991,references/id000003_1.jpg;references/id000003_2.jpg,0,1,
id000004,Ana Guerra,female,singer,Canarias,1994,references/id000004_1.jpg;references/id000004_2.jpg,0,1,
id000005,Najwa Nimri,female,actress,Navarra,1972,references/id000005_1.jpg;references/id000005_2.jpg,0,1,
id000006,Aura Garrido,female,actress,Madrid,1989,references/id000006_1.jpg;references/id000006_2.jpg,0,1,
id000007,María León,female,actress,Andalucía,1984,references/id000007_1.jpg;references/id000007_2.jpg,0,1,
id000008,Fernando Tejero,male,actor,Andalucía,1967,references/id000008_1.jpg;references/id000008_2.jpg,0,1,
id000009,Martiño Rivas,male,actor,Galicia,1985,references/id000009_1.jpg;references/id000009_2.jpg,0,1,
id000010,María Pedraza,female,actress,Madrid,1996,references/id000010_1.jpg;references/id000010_2.jpg,0,1,
id000011,Yon González,male,actor,País Vasco,1986,references/id000011_1.jpg;references/id000011_2.jpg,0,1,
id000012,Paco León,male,actor,Andalucía,1974,references/id000012_1.jpg;references/id000012_2.jpg,0,1,
id000013,Hugo Silva,male,actor,Madrid,1977,references/id000013_1.jpg;references/id000013_2.jpg,0,1,
id000014,Álvaro Morte,male,actor,Andalucía,1975,references/id000014_1.jpg;references/id000014_2.jpg,0,1,
id000015,Pedro Alonso,male,actor,Galicia,1971,references/id000015_1.jpg;references/id000015_2.jpg,0,1,
id000016,Pepón Nieto,male,actor,Madrid,1967,references/id000016_1.jpg;references/id000016_2.jpg,0,1,
id000017,José Luis Gil,male,actor,Aragón,1957,references/id000017_1.jpg;references/id000017_2.jpg,0,1,
id000018,Michelle Jenner,female,actress,Cataluña,1986,references/id000018_1.jpg;references/id000018_2.jpg,0,1,
id000019,Claudia Salas,female,actress,Madrid,1994,references/id000019_1.jpg;references/id000019_2.jpg,0,1,
id000020,Itziar Ituño,female,actress,País Vasco,1974,references/id000020_1.jpg;references/id000020_2.jpg,0,1,
id000021,Miren Ibarguren,female,actress,País Vasco,1980,references/id000021_1.jpg;references/id000021_2.jpg,0,1,
id000022,Belén Cuesta,female,actress,Andalucía,1984,references/id000022_1.jpg;references/id000022_2.jpg,0,1,
id000023,Maggie Civantos,female,actress,Andalucía,1984,references/id000023_1.jpg;references/id000023_2.jpg,0,1,
id000024,María Valverde,female,actress,Madrid,1987,references/id000024_1.jpg;references/id000024_2.jpg,0,1,
id000025,Ángela Molina,female,actress,Madrid,1955,references/id000025_1.jpg;references/id000025_2.jpg,0,1,
id000026,Angy Fernández,female,actress,Illes Balears,1990,references/id000026_1.jpg;references/id000026_2.jpg,0,1,
id000027,Natalia Millán,female,actress,Madrid,1969,references/id000027_1.jpg;references/id000027_2.jpg,0,1,
id000028,Salva Reina,male,actor,Andalucía,1978,references/id000028_1.jpg;references/id000028_2.jpg,0,1,
id000029,Jaime Lorente,male,actor,Murcia,1991,references/id000029_1.jpg;references/id000029_2.jpg,0,1,
id000030,Miguel Herrán,male,actor,Andalucía,1996,references/id000030_1.jpg;references/id000030_2.jpg,0,1,
id000031,Luis Tosar,male,actor,Galicia,1971,references/id000031_1.jpg;references/id000031_2.jpg,0,1,
id000032,Elena Rivera,female,actress,Aragón,1992,references/id000032_1.jpg;references/id000032_2.jpg,0,1,
id000033,Loquillo,male,singer,Cataluña,1960,references/id000033_1.jpg;references/id000033_2.jpg,0,1,
id000034,Luz Casal,female,singer,Galicia,1958,references/id000034_1.jpg;references/id000034_2.jpg,0,1,
id000035,Iñaki Gabilondo,male,journalist,País Vasco,1942,references/id000035_1.jpg;references/id000035_2.jpg,0,1,
id000036,Marta Robles,female,journalist,Madrid,1963,references/id000036_1.jpg;references/id000036_2.jpg,0,1,
id000037,Roberto Leal,male,tv_host,Andalucía,1979,references/id000037_1.jpg;references/id000037_2.jpg,0,1,
id000038,Eva Soriano,female,comedian,Cataluña,1990,references/id000038_1.jpg;references/id000038_2.jpg,0,1,
id000039,Carlos Alcaraz,male,athlete,Murcia,2003,references/id000039_1.jpg;references/id000039_2.jpg,0,1,
id000040,Cristina Gutiérrez,female,athlete,Castilla y León,1991,references/id000040_1.jpg;references/id000040_2.jpg,0,1,
id000041,Juan Luis Arsuaga,male,scientist,Madrid,1954,references/id000041_1.jpg;references/id000041_2.jpg,0,1,
id000042,María Blasco,female,scientist,Comunidad Valenciana,1965,references/id000042_1.jpg;references/id000042_2.jpg,0,1,
id000043,Karlos Arguiñano,male,chef,País Vasco,1948,references/id000043_1.jpg;references/id000043_2.jpg,0,1,
id000044,Samantha Vallejo-Nágera,female,chef,Madrid,1969,references/id000044_1.jpg;references/id000044_2.jpg,0,1,
id000045,Rodrigo Cuevas,male,singer,Asturias,1985,references/id000045_1.jpg;references/id000045_2.jpg,0,1,
id000046,Dolores Redondo,female,writer,País Vasco,1969,references/id000046_1.jpg;references/id000046_2.jpg,0,1,
id000047,Ángel Martín,male,comedian,Cataluña,1977,references/id000047_1.jpg;references/id000047_2.jpg,0,1,
id000048,Ana Pontón,female,politician,Galicia,1977,references/id000048_1.jpg;references/id000048_2.jpg,0,1,
id000049,Miguel Induráin,male,athlete,Navarra,1964,references/id000049_1.jpg;references/id000049_2.jpg,0,1,
id000050,Judit Mascó,female,model,Cataluña,1969,references/id000050_1.jpg;references/id000050_2.jpg,0,1,
id000051,Ricard Camarena,male,chef,Comunidad Valenciana,1974,references/id000051_1.jpg;references/id000051_2.jpg,0,1,
id000052,Andreu Genestra,male,chef,Illes Balears,1983,references/id000052_1.jpg;references/id000052_2.jpg,0,1,
id000053,José Andrés,male,chef,Asturias,1969,references/id000053_1.jpg;references/id000053_2.jpg,0,1,
id000054,Joan Roca,male,chef,Cataluña,1964,references/id000054_1.jpg;references/id000054_2.jpg,0,1,
id000055,Sergi Arola,male,chef,Cataluña,1968,references/id000055_1.jpg;references/id000055_2.jpg,0,1,
id000056,Julius Bienert,male,chef,Illes Balears,1979,references/id000056_1.jpg;references/id000056_2.jpg,0,1,
id000057,Eduardo José Daporta,male,chef,Galicia,1975,references/id000057_1.jpg;references/id000057_2.jpg,0,1,
id000058,Pedro Subijana Reza,male,chef,País Vasco,1948,references/id000058_1.jpg;references/id000058_2.jpg,0,1,
id000059,Ángel León,male,chef,Andalucía,1977,references/id000059_1.jpg;references/id000059_2.jpg,0,1,
id000060,Vicky Sevilla,female,chef,Comunidad Valenciana,1992,references/id000060_1.jpg;references/id000060_2.jpg,0,1,
id000061,Esther Manzano,female,chef,Asturias,1969,references/id000061_1.jpg;references/id000061_2.jpg,0,1,
id000062,Tamara Falcó,female,tv_host,Madrid,1981,references/id000062_1.jpg;references/id000062_2.jpg,0,1,
id000063,Carme Ruscalleda,female,chef,Cataluña,1952,references/id000063_1.jpg;references/id000063_2.jpg,0,1,
id000064,Begoña Rodrigo,female,chef,Cataluña,1989,references/id000064_1.jpg;references/id000064_2.jpg,0,1,
id000065,Celia Jiménez,female,chef,Andalucía,1976,references/id000065_1.jpg;references/id000065_2.jpg,0,1,
id000066,Elena Arzak,female,chef,País Vasco,1969,references/id000066_1.jpg;references/id000066_2.jpg,0,1,
id000067,Najat Kaanache,female,chef,País Vasco,1978,references/id000067_1.jpg;references/id000067_2.jpg,0,1,
id000068,Eva Arguiñano,female,chef,País Vasco,1960,references/id000068_1.jpg;references/id000068_2.jpg,0,1,
id000069,Millán Salcedo Salcedo,male,comedian,Castilla-La Mancha,1955,references/id000069_1.jpg;references/id000069_2.jpg,0,1,
id000070,Héctor de Miguel,male,comedian,Castilla y León,1977,references/id000070_1.jpg;references/id000070_2.jpg,0,1,
id000071,Yunez Chaib,male,comedian,Melilla,1994,references/id000071_1.jpg;references/id000071_2.jpg,0,1,
id000072,Julián López,male,comedian,Castilla-La Mancha,1978,references/id000072_1.jpg;references/id000072_2.jpg,0,1,
id000073,Félix Extremeño Prieto,male,comedian,Comunidad Valenciana,1950,references/id000073_1.jpg;references/id000073_2.jpg,0,1,
id000074,Miguel Ángel Tirado,male,comedian,Aragón,1949,references/id000074_1.jpg;references/id000074_2.jpg,0,1,
id000075,Antonio Castelo,male,comedian,Comunidad Valenciana,1982,references/id000075_1.jpg;references/id000075_2.jpg,0,1,
id000076,Andreu Buenafuente,male,comedian,Cataluña,1965,references/id000076_1.jpg;references/id000076_2.jpg,0,1,
id000077,Jaime Caravaca,male,comedian,Murcia,1985,references/id000077_1.jpg;references/id000077_2.jpg,0,1,
id000078,Luis Piedrahita,male,comedian,Galicia,1977,references/id000078_1.jpg;references/id000078_2.jpg,0,1,
id000079,Santi Millán,male,tv_host,Cataluña,1968,references/id000079_1.jpg;references/id000079_2.jpg,0,1,
id000080,Manu Sánchez,male,comedian,Andalucía,1985,references/id000080_1.jpg;references/id000080_2.jpg,0,1,
id000081,Edu Soto,male,comedian,Cataluña,1978,references/id000081_1.jpg;references/id000081_2.jpg,0,1,
id000082,Raúl Cimas,male,comedian,Castilla-La Mancha,1976,references/id000082_1.jpg;references/id000082_2.jpg,0,1,
id000083,Carlos Latre,male,comedian,Comunidad Valenciana,1979,references/id000083_1.jpg;references/id000083_2.jpg,0,1,
id000084,Dani Mateo,male,tv_host,Cataluña,1979,references/id000084_1.jpg;references/id000084_2.jpg,0,1,
id000085,Miki Nadal,male,comedian,Aragón,1967,references/id000085_1.jpg;references/id000085_2.jpg,0,1,
id000086,El Monaguillo,male,comedian,Andalucía,1973,references/id000086_1.jpg;references/id000086_2.jpg,0,1,
id000087,Rober Bodegas,male,comedian,Galicia,1982,references/id000087_1.jpg;references/id000087_2.jpg,0,1,
id000088,Sara Escudero,female,comedian,Castilla y León,1981,references/id000088_1.jpg;references/id000088_2.jpg,0,1,
id000089,Patricia Sornosa,female,comedian,Comunidad Valenciana,1977,references/id000089_1.jpg;references/id000089_2.jpg,0,1,
id000090,Paula Prendes,female,tv_host,Asturias,1983,references/id000090_1.jpg;references/id000090_2.jpg,0,1,
id000091,Eva Amaral,female,singer,Aragón,1972,references/id000091_1.jpg;references/id000091_2.jpg,0,1,
id000092,Marta Flich,female,tv_host,Comunidad Valenciana,1978,references/id000092_1.jpg;references/id000092_2.jpg,0,1,
id000093,Raquel Sastre,female,comedian,Murcia,1981,references/id000093_1.jpg;references/id000093_2.jpg,0,1,
id000094,Susi Caramelo,female,comedian,Cataluña,1980,references/id000094_1.jpg;references/id000094_2.jpg,0,1,
id000095,Toni Acosta,female,actress,Canarias,1972,references/id000095_1.jpg;references/id000095_2.jpg,0,1,
id000096,Carmen Machi,female,actress,Madrid,1963,references/id000096_1.jpg;references/id000096_2.jpg,0,1,
id000097,María Castro,female,actress,Galicia,1981,references/id000097_1.jpg;references/id000097_2.jpg,0,1,
id000098,Ana Milán,female,actress,Comunidad Valenciana,1973,references/id000098_1.jpg;references/id000098_2.jpg,0,1,
id000099,Alex de la Croix,female,comedian,Andalucía,1993,references/id000099_1.jpg;references/id000099_2.jpg,0,1,
id000100,Nerea Pérez de las Heras,female,comedian,Madrid,1982,references/id000100_1.jpg;references/id000100_2.jpg,0,1,
id000101,Plex,male,content_creator,Castilla y León,2002,references/id000101_1.jpg;references/id000101_2.jpg,0,1,
id000102,AuronPlay,male,content_creator,Cataluña,1988,references/id000102_1.jpg;references/id000102_2.jpg,0,1,
id000103,El Rubius,male,content_creator,Andalucía,1990,references/id000103_1.jpg;references/id000103_2.jpg,0,1,
id000104,IlloJuan,male,content_creator,Andalucía,1994,references/id000104_1.jpg;references/id000104_2.jpg,0,1,
id000105,Ibai Llanos,male,content_creator,País Vasco,1995,references/id000105_1.jpg;references/id000105_2.jpg,0,1,
id000106,Xuso Jones,male,content_creator,Murcia,1989,references/id000106_1.jpg;references/id000106_2.jpg,0,1,
id000107,TheGrefg,male,content_creator,Murcia,1997,references/id000107_1.jpg;references/id000107_2.jpg,0,1,
id000108,Mario Marzo,male,content_creator,Madrid,1995,references/id000108_1.jpg;references/id000108_2.jpg,0,1,
id000109,Jordi Wild,male,content_creator,Cataluña,1984,references/id000109_1.jpg;references/id000109_2.jpg,0,1,
id000110,Willyrex,male,content_creator,Madrid,1993,references/id000110_1.jpg;references/id000110_2.jpg,0,1,
id000111,Frank Cuesta,male,content_creator,Castilla y León,1971,references/id000111_1.jpg;references/id000111_2.jpg,0,1,
id000112,Manu Ríos,male,content_creator,Castilla-La Mancha,1998,references/id000112_1.jpg;references/id000112_2.jpg,0,1,
id000113,Joan Pradells,male,content_creator,Comunidad Valenciana,1996,references/id000113_1.jpg;references/id000113_2.jpg,0,1,
id000114,Jordi Cruz,male,content_creator,Cataluña,1976,references/id000114_1.jpg;references/id000114_2.jpg,0,1,
id000115,Ignatius Farray,male,content_creator,Canarias,1973,references/id000115_1.jpg;references/id000115_2.jpg,0,1,
id000116,Dani el Rojo,male,content_creator,Cataluña,1962,references/id000116_1.jpg;references/id000116_2.jpg,0,1,
id000117,Rodrigo Cortés,male,content_creator,Galicia,1973,references/id000117_1.jpg;references/id000117_2.jpg,0,1,
id000118,Tote Fernández,male,content_creator,Murcia,1996,references/id000118_1.jpg;references/id000118_2.jpg,0,1,
id000119,David Calle,male,content_creator,Madrid,1972,references/id000119_1.jpg;references/id000119_2.jpg,0,1,
id000120,Siro López,male,content_creator,Galicia,1956,references/id000120_1.jpg;references/id000120_2.jpg,0,1,
id000121,Juan Ramón Rallo,male,content_creator,Comunidad Valenciana,1984,references/id000121_1.jpg;references/id000121_2.jpg,0,1,
id000122,Álvaro Ojeda Sacaluga,male,content_creator,Andalucía,1980,references/id000122_1.jpg;references/id000122_2.jpg,0,1,
id000123,Miguel Bernal Montes,male,content_creator,Madrid,1993,references/id000123_1.jpg;references/id000123_2.jpg,0,1,
id000124,Gerard Romero,male,content_creator,Cataluña,1985,references/id000124_1.jpg;references/id000124_2.jpg,0,1,
id000125,Omar Ayuso,male,content_creator,Madrid,1998,references/id000125_1.jpg;references/id000125_2.jpg,0,1,
id000126,Wismichu,male,content_creator,Galicia,1993,references/id000126_1.jpg;references/id000126_2.jpg,0,1,
id000127,DjMaRiiO,male,content_creator,Madrid,1990,references/id000127_1.jpg;references/id000127_2.jpg,0,1,
id000128,Miguel Maldonado,male,content_creator,Murcia,1986,references/id000128_1.jpg;references/id000128_2.jpg,0,1,
id000129,Carles Tamayo,male,content_creator,Cataluña,1995,references/id000129_1.jpg;references/id000129_2.jpg,0,1,
id000130,José Luis Crespo Cepeda,male,content_creator,Castilla-La Mancha,1994,references/id000130_1.jpg;references/id000130_2.jpg,0,1,
id000131,Nico Abad,male,content_creator,Madrid,1970,references/id000131_1.jpg;references/id000131_2.jpg,0,1,
id000132,Pol Turrents,male,content_creator,Cataluña,1976,references/id000132_1.jpg;references/id000132_2.jpg,0,1,
id000133,Esperansa Grasia,female,content_creator,Comunidad Valenciana,2000,references/id000133_1.jpg;references/id000133_2.jpg,0,1,
id000134,Marta Díaz,female,content_creator,Andalucía,2000,references/id000134_1.jpg;references/id000134_2.jpg,0,1,
id000135,Lola Lolita,female,content_creator,Comunidad Valenciana,2002,references/id000135_1.jpg;references/id000135_2.jpg,0,1,
id000136,Lalachus,female,content_creator,Madrid,1990,references/id000136_1.jpg;references/id000136_2.jpg,0,1,
id000137,Vanesa Romero,female,content_creator,Comunidad Valenciana,1978,references/id000137_1.jpg;references/id000137_2.jpg,0,1,
id000138,Jessica Goicoechea Jover,female,content_creator,Cataluña,1996,references/id000138_1.jpg;references/id000138_2.jpg,0,1,
id000139,Leonor Lavado,female,content_creator,Andalucía,1987,references/id000139_1.jpg;references/id000139_2.jpg,0,1,
id000140,María Pombo,female,content_creator,Madrid,1994,references/id000140_1.jpg;references/id000140_2.jpg,0,1,
id000141,Inés Hernand,female,content_creator,Madrid,1992,references/id000141_1.jpg;references/id000141_2.jpg,0,1,
id000142,Laura Escanes,female,content_creator,Cataluña,1996,references/id000142_1.jpg;references/id000142_2.jpg,0,1,
id000143,Abby,female,content_creator,Illes Balears,2000,references/id000143_1.jpg;references/id000143_2.jpg,0,1,
id000144,Dulceida,female,content_creator,Cataluña,1989,references/id000144_1.jpg;references/id000144_2.jpg,0,1,
id000145,Vicky Martín Berrocal,female,content_creator,Andalucía,1973,references/id000145_1.jpg;references/id000145_2.jpg,0,1,
id000146,Cristinini,female,content_creator,Cataluña,1989,references/id000146_1.jpg;references/id000146_2.jpg,0,1,
id000147,Tamara Gorro,female,content_creator,Castilla y León,1987,references/id000147_1.jpg;references/id000147_2.jpg,0,1,
id000148,Begoña Gerpe,female,content_creator,Galicia,1983,references/id000148_1.jpg;references/id000148_2.jpg,0,1,
id000149,Nagore Robles,female,content_creator,País Vasco,1983,references/id000149_1.jpg;references/id000149_2.jpg,0,1,
id000150,Rocío Vidal Menacho,female,content_creator,Comunidad Valenciana,1992,references/id000150_1.jpg;references/id000150_2.jpg,0,1,
id000151,Maxi Iglesias,male,actor,Madrid,1991,references/id000151_1.jpg;references/id000151_2.jpg,0,1,
id000152,Abraham Mateo,male,singer,Andalucía,1998,references/id000152_1.jpg;references/id000152_2.jpg,0,1,
id000153,Quim Gutiérrez,male,actor,Cataluña,1981,references/id000153_1.jpg;references/id000153_2.jpg,0,1,
id000154,Alejo Sauras,male,actor,Illes Balears,1979,references/id000154_1.jpg;references/id000154_2.jpg,0,1,
id000155,Marc Clotet,male,actor,Cataluña,1980,references/id000155_1.jpg;references/id000155_2.jpg,0,1,
id000156,Daniel Brühl,male,actor,Cataluña,1978,references/id000156_1.jpg;references/id000156_2.jpg,0,1,
id000157,Juan Antonio Bayona,male,actor,Cataluña,1975,references/id000157_1.jpg;references/id000157_2.jpg,0,1,
id000158,Imanol Arias,male,actor,Castilla y León,1956,references/id000158_1.jpg;references/id000158_2.jpg,0,1,
id000159,Jordi Évole,male,actor,Cataluña,1974,references/id000159_1.jpg;references/id000159_2.jpg,0,1,
id000160,Javier Gutiérrez,male,actor,Asturias,1971,references/id000160_1.jpg;references/id000160_2.jpg,0,1,
id000161,Carlos Bardem,male,actor,Madrid,1963,references/id000161_1.jpg;references/id000161_2.jpg,0,1,
id000162,Karra Elejalde,male,actor,País Vasco,1960,references/id000162_1.jpg;references/id000162_2.jpg,0,1,
id000163,Eduardo Noriega,male,actor,Cantabria,1973,references/id000163_1.jpg;references/id000163_2.jpg,0,1,
id000164,Fele Martínez,male,actor,Comunidad Valenciana,1975,references/id000164_1.jpg;references/id000164_2.jpg,0,1,
id000165,Jorge Sanz,male,actor,Madrid,1969,references/id000165_1.jpg;references/id000165_2.jpg,0,1,
id000166,Albert Pla,male,actor,Cataluña,1966,references/id000166_1.jpg;references/id000166_2.jpg,0,1,
id000167,Fran Perea,male,actor,Andalucía,1978,references/id000167_1.jpg;references/id000167_2.jpg,0,1,
id000168,Jordi Mollà,male,actor,Cataluña,1968,references/id000168_1.jpg;references/id000168_2.jpg,0,1,
id000169,Eduard Fernández,male,actor,Cataluña,1964,references/id000169_1.jpg;references/id000169_2.jpg,0,1,
id000170,David Trueba,male,actor,Madrid,1969,references/id000170_1.jpg;references/id000170_2.jpg,0,1,
id000171,Andrés Velencoso,male,actor,Castilla-La Mancha,1978,references/id000171_1.jpg;references/id000171_2.jpg,0,1,
id000172,Albert Espinosa,male,actor,Cataluña,1973,references/id000172_1.jpg;references/id000172_2.jpg,0,1,
id000173,Fernando Trueba,male,actor,Madrid,1955,references/id000173_1.jpg;references/id000173_2.jpg,0,1,
id000174,Fernando Colomo,male,actor,Madrid,1946,references/id000174_1.jpg;references/id000174_2.jpg,0,1,
id000175,Adrià Collado,male,actor,Cataluña,1972,references/id000175_1.jpg;references/id000175_2.jpg,0,1,
id000176,Fernando Guillén Cuervo,male,actor,Cataluña,1963,references/id000176_1.jpg;references/id000176_2.jpg,0,1,
id000177,Francis Lorenzo,male,actor,Galicia,1960,references/id000177_1.jpg;references/id000177_2.jpg,0,1,
id000178,Carmelo Gómez,male,actor,Castilla y León,1962,references/id000178_1.jpg;references/id000178_2.jpg,0,1,
id000179,Raúl Arévalo,male,actor,Madrid,1979,references/id000179_1.jpg;references/id000179_2.jpg,0,1,
id000180,Joaquín Cortés,male,actor,Andalucía,1969,references/id000180_1.jpg;references/id000180_2.jpg,0,1,
id000181,Ramón Barea,male,actor,País Vasco,1949,references/id000181_1.jpg;references/id000181_2.jpg,0,1,
id000182,Pablo Espinosa,male,actor,Comunidad Valenciana,1992,references/id000182_1.jpg;references/id000182_2.jpg,0,1,
id000183,Kandido Uranga,male,actor,País Vasco,1955,references/id000183_1.jpg;references/id000183_2.jpg,0,1,
id000184,Agustín Almodóvar,male,actor,Castilla-La Mancha,1955,references/id000184_1.jpg;references/id000184_2.jpg,0,1,
id000185,Albert Boadella,male,actor,Cataluña,1943,references/id000185_1.jpg;references/id000185_2.jpg,0,1,
id000186,José Ángel Egido,male,actor,Galicia,1953,references/id000186_1.jpg;references/id000186_2.jpg,0,1,
id000187,Andoni Agirregomezkorta,male,actor,País Vasco,1971,references/id000187_1.jpg;references/id000187_2.jpg,0,1,
id000188,José Luis Gómez,male,actor,Andalucía,1940,references/id000188_1.jpg;references/id000188_2.jpg,0,1,
id000189,Luis Zahera,male,actor,Galicia,1966,references/id000189_1.jpg;references/id000189_2.jpg,0,1,
id000190,Eduardo Aldán,male,actor,País Vasco,1973,references/id000190_1.jpg;references/id000190_2.jpg,0,1,
id000191,Miren Jaurne (Mimi XXL),female,content_creator,Madrid,1983,references/id000191_1.jpg;references/id000191_2.jpg,0,1,
id000192,Antonio de la Torre,male,actor,Andalucía,1968,references/id000192_1.jpg;references/id000192_2.jpg,0,1,
id000193,Cristina Castaño,female,actress,Galicia,1978,references/id000193_1.jpg;references/id000193_2.jpg,0,1,
id000194,Neus Asensi,female,actress,Cataluña,1965,references/id000194_1.jpg;references/id000194_2.jpg,0,1,
id000195,Victoria Abril,female,actress,Madrid,1959,references/id000195_1.jpg;references/id000195_2.jpg,0,1,
id000196,Carmen Maura,female,actress,Madrid,1945,references/id000196_1.jpg;references/id000196_2.jpg,0,1,
id000197,Candela Peña,female,actress,Cataluña,1973,references/id000197_1.jpg;references/id000197_2.jpg,0,1,
id000198,Natalia de Molina,female,actress,Andalucía,1990,references/id000198_1.jpg;references/id000198_2.jpg,0,1,
id000199,Bárbara Lennie,female,actress,Madrid,1984,references/id000199_1.jpg;references/id000199_2.jpg,0,1,
id000200,Mónica Cruz,female,actress,Madrid,1977,references/id000200_1.jpg;references/id000200_2.jpg,0,1,
id000201,Dafne Fernández,female,actress,Madrid,1985,references/id000201_1.jpg;references/id000201_2.jpg,0,1,
id000202,Adriana Ugarte,female,actress,Madrid,1985,references/id000202_1.jpg;references/id000202_2.jpg,0,1,
id000203,Ariadna Gil,female,actress,Cataluña,1969,references/id000203_1.jpg;references/id000203_2.jpg,0,1,
id000204,Leonor Watling,female,actress,Madrid,1975,references/id000204_1.jpg;references/id000204_2.jpg,0,1,
id000205,Elena Anaya,female,actress,Castilla y León,1975,references/id000205_1.jpg;references/id000205_2.jpg,0,1,
id000206,Irene Escolar,female,actress,Madrid,1988,references/id000206_1.jpg;references/id000206_2.jpg,0,1,
id000207,Patricia Conde,female,actress,Castilla y León,1976,references/id000207_1.jpg;references/id000207_2.jpg,0,1,
id000208,Loles León,female,actress,Cataluña,1950,references/id000208_1.jpg;references/id000208_2.jpg,0,1,
id000209,Lluvia Rojo,female,actress,Madrid,1976,references/id000209_1.jpg;references/id000209_2.jpg,0,1,
id000210,Rossy de Palma,female,actress,Illes Balears,1964,references/id000210_1.jpg;references/id000210_2.jpg,0,1,
id000211,María Pujalte,female,actress,Galicia,1966,references/id000211_1.jpg;references/id000211_2.jpg,0,1,
id000212,Esther Cañadas,female,actress,Castilla-La Mancha,1977,references/id000212_1.jpg;references/id000212_2.jpg,0,1,
id000213,Blanca Romero,female,actress,Asturias,1976,references/id000213_1.jpg;references/id000213_2.jpg,0,1,
id000214,Marta Etura,female,actress,País Vasco,1978,references/id000214_1.jpg;references/id000214_2.jpg,0,1,
id000215,Assumpta Serna,female,actress,Cataluña,1957,references/id000215_1.jpg;references/id000215_2.jpg,0,1,
id000216,Irene Montalà,female,actress,Cataluña,1976,references/id000216_1.jpg;references/id000216_2.jpg,0,1,
id000217,Ivana Baquero,female,actress,Cataluña,1994,references/id000217_1.jpg;references/id000217_2.jpg,0,1,
id000218,Cayetana Guillén Cuervo,female,actress,Madrid,1969,references/id000218_1.jpg;references/id000218_2.jpg,0,1,
id000219,Alicia Borrachero,female,actress,Madrid,1968,references/id000219_1.jpg;references/id000219_2.jpg,0,1,
id000220,Silvia Jato Nuñez,female,actress,Galicia,1971,references/id000220_1.jpg;references/id000220_2.jpg,0,1,
id000221,Adriana Ozores,female,actress,Madrid,1959,references/id000221_1.jpg;references/id000221_2.jpg,0,1,
id000222,Emma Suárez,female,actress,Madrid,1964,references/id000222_1.jpg;references/id000222_2.jpg,0,1,
id000223,Ana Wagener,female,actress,Canarias,1962,references/id000223_1.jpg;references/id000223_2.jpg,0,1,
id000224,Silvia Abascal,female,actress,Madrid,1979,references/id000224_1.jpg;references/id000224_2.jpg,0,1,
id000225,Marta Hazas,female,actress,Cantabria,1977,references/id000225_1.jpg;references/id000225_2.jpg,0,1,
id000226,Leticia Dolera,female,actress,Cataluña,1981,references/id000226_1.jpg;references/id000226_2.jpg,0,1,
id000227,Lola Dueñas,female,actress,Madrid,1971,references/id000227_1.jpg;references/id000227_2.jpg,0,1,
id000228,Míriam Díaz Aroca,female,actress,Madrid,1962,references/id000228_1.jpg;references/id000228_2.jpg,0,1,
id000229,Goya Toledo,female,actress,Canarias,1969,references/id000229_1.jpg;references/id000229_2.jpg,0,1,
id000230,Pilar Castro,female,actress,Madrid,1970,references/id000230_1.jpg;references/id000230_2.jpg,0,1,
id000231,María Barranco,female,actress,Andalucía,1961,references/id000231_1.jpg;references/id000231_2.jpg,0,1,
id000232,Mar Saura,female,model,Cataluña,1975,references/id000232_1.jpg;references/id000232_2.jpg,0,1,
id000233,Emma Ozores,female,actress,Madrid,1961,references/id000233_1.jpg;references/id000233_2.jpg,0,1,
id000234,Marisol Ayuso,female,actress,Madrid,1943,references/id000234_1.jpg;references/id000234_2.jpg,0,1,
id000235,Teresa Rabal,female,actress,Cataluña,1952,references/id000235_1.jpg;references/id000235_2.jpg,0,1,
id000236,Sara Sálamo,female,actress,Canarias,1992,references/id000236_1.jpg;references/id000236_2.jpg,0,1,
id000237,Estrella Morente,female,actress,Andalucía,1980,references/id000237_1.jpg;references/id000237_2.jpg,0,1,
id000238,Laia Costa,female,actress,Cataluña,1985,references/id000238_1.jpg;references/id000238_2.jpg,0,1,
id000239,María Hervás,female,actress,Madrid,1987,references/id000239_1.jpg;references/id000239_2.jpg,0,1,
id000240,Cecilia Gessa,female,actress,Madrid,1977,references/id000240_1.jpg;references/id000240_2.jpg,0,1,
id000241,Gisela,female,actress,Cataluña,1979,references/id000241_1.jpg;references/id000241_2.jpg,0,1,
id000242,Nina,female,actress,Cataluña,1966,references/id000242_1.jpg;references/id000242_2.jpg,0,1,
id000243,Nuria González,female,actress,Andalucía,1962,references/id000243_1.jpg;references/id000243_2.jpg,0,1,
id000244,Inés Sastre,female,actress,Castilla y León,1973,references/id000244_1.jpg;references/id000244_2.jpg,0,1,
id000245,María Dueñas,female,writer,Castilla-La Mancha,1964,references/id000245_1.jpg;references/id000245_2.jpg,0,1,
id000246,Ana Turpin,female,actress,Galicia,1975,references/id000246_1.jpg;references/id000246_2.jpg,0,1,
id000247,Norma Ruiz,female,actress,Madrid,1982,references/id000247_1.jpg;references/id000247_2.jpg,0,1,
id000248,Paula Echevarría,female,actress,Asturias,1977,references/id000248_1.jpg;references/id000248_2.jpg,0,1,
id000249,Ana Rujas,female,actress,Madrid,1989,references/id000249_1.jpg;references/id000249_2.jpg,0,1,
id000250,Ruth Gabriel,female,actress,Andalucía,1975,references/id000250_1.jpg;references/id000250_2.jpg,0,1,
id000251,Vicky Luengo,female,actress,Illes Balears,1990,references/id000251_1.jpg;references/id000251_2.jpg,0,1,
id000252,Hiba Abouk,female,actress,Madrid,1986,references/id000252_1.jpg;references/id000252_2.jpg,0,1,
id000253,Macarena Gómez,female,actress,Andalucía,1978,references/id000253_1.jpg;references/id000253_2.jpg,0,1,
id000254,Álex Ubago,male,singer,País Vasco,1981,references/id000254_1.jpg;references/id000254_2.jpg,0,1,
id000255,Enrique Iglesias,male,singer,Madrid,1975,references/id000255_1.jpg;references/id000255_2.jpg,0,1,
id000256,Bertín Osborne,male,singer,Madrid,1954,references/id000256_1.jpg;references/id000256_2.jpg,0,1,
id000257,José Luis Perales,male,singer,Castilla-La Mancha,1945,references/id000257_1.jpg;references/id000257_2.jpg,0,1,
id000258,Joan Manuel Serrat,male,singer,Cataluña,1943,references/id000258_1.jpg;references/id000258_2.jpg,0,1,
id000259,Sergio Dalma,male,singer,Cataluña,1964,references/id000259_1.jpg;references/id000259_2.jpg,0,1,
id000260,Carlos Areces,male,singer,Madrid,1976,references/id000260_1.jpg;references/id000260_2.jpg,0,1,
id000261,Plácido Domingo,male,singer,Madrid,1941,references/id000261_1.jpg;references/id000261_2.jpg,0,1,
id000262,David Bustamante,male,singer,Cantabria,1982,references/id000262_1.jpg;references/id000262_2.jpg,0,1,
id000263,José Vélez,male,singer,Canarias,1951,references/id000263_1.jpg;references/id000263_2.jpg,0,1,
id000264,Javier Gurruchaga,male,singer,País Vasco,1958,references/id000264_1.jpg;references/id000264_2.jpg,0,1,
id000265,Joselito,male,singer,Andalucía,1943,references/id000265_1.jpg;references/id000265_2.jpg,0,1,
id000266,José Luis Moreno,male,singer,Madrid,1947,references/id000266_1.jpg;references/id000266_2.jpg,0,1,
id000267,Chimo Bayo,male,singer,Comunidad Valenciana,1961,references/id000267_1.jpg;references/id000267_2.jpg,0,1,
id000268,Asier Etxeandia,male,singer,País Vasco,1975,references/id000268_1.jpg;references/id000268_2.jpg,0,1,
id000269,Alberto Comesaña,male,singer,Galicia,1961,references/id000269_1.jpg;references/id000269_2.jpg,0,1,
id000270,Diego «el Cigala»,male,singer,Madrid,1968,references/id000270_1.jpg;references/id000270_2.jpg,0,1,
id000271,Iván,male,singer,Madrid,1962,references/id000271_1.jpg;references/id000271_2.jpg,0,1,
id000272,Adrián Rodríguez,male,singer,Cataluña,1988,references/id000272_1.jpg;references/id000272_2.jpg,0,1,
id000273,Ismael Serrano,male,singer,Madrid,1974,references/id000273_1.jpg;references/id000273_2.jpg,0,1,
id000274,Álvaro de Luna,male,singer,Andalucía,1994,references/id000274_1.jpg;references/id000274_2.jpg,0,1,
id000275,Pastora Soler,female,singer,Andalucía,1978,references/id000275_1.jpg;references/id000275_2.jpg,0,1,
id000276,Ana Torroja,female,singer,Madrid,1959,references/id000276_1.jpg;references/id000276_2.jpg,0,1,
id000277,Edurne,female,singer,Madrid,1985,references/id000277_1.jpg;references/id000277_2.jpg,0,1,
id000278,Amaia Montero,female,singer,País Vasco,1976,references/id000278_1.jpg;references/id000278_2.jpg,0,1,
id000279,Beatriz Luengo,female,singer,Madrid,1982,references/id000279_1.jpg;references/id000279_2.jpg,0,1,
id000280,Melody,female,singer,Andalucía,1990,references/id000280_1.jpg;references/id000280_2.jpg,0,1,
id000281,Karina,female,singer,Andalucía,1945,references/id000281_1.jpg;references/id000281_2.jpg,0,1,
id000282,Paloma San Basilio,female,singer,Madrid,1950,references/id000282_1.jpg;references/id000282_2.jpg,0,1,
id000283,Christina Rosenvinge,female,singer,Madrid,1964,references/id000283_1.jpg;references/id000283_2.jpg,0,1,
id000284,Mai Meneses (Nena Daconte),female,singer,Madrid,1978,references/id000284_1.jpg;references/id000284_2.jpg,0,1,
id000285,Ainhoa Arteta Ibarrolaburu,female,singer,País Vasco,1964,references/id000285_1.jpg;references/id000285_2.jpg,0,1,
id000286,Soraya Arnelas,female,singer,Extremadura,1982,references/id000286_1.jpg;references/id000286_2.jpg,0,1,
id000287,Bebe,female,singer,Comunidad Valenciana,1978,references/id000287_1.jpg;references/id000287_2.jpg,0,1,
id000288,María Isabel López,female,singer,Andalucía,1995,references/id000288_1.jpg;references/id000288_2.jpg,0,1,
id000289,Concha Buika,female,singer,Illes Balears,1972,references/id000289_1.jpg;references/id000289_2.jpg,0,1,
id000290,Beth,female,singer,Cataluña,1981,references/id000290_1.jpg;references/id000290_2.jpg,0,1,
id000291,Merche,female,singer,Andalucía,1974,references/id000291_1.jpg;references/id000291_2.jpg,0,1,
id000292,Marta Sánchez,female,singer,Madrid,1966,references/id000292_1.jpg;references/id000292_2.jpg,0,1,
id000293,Anni B Sweet,female,singer,Andalucía,1987,references/id000293_1.jpg;references/id000293_2.jpg,0,1,
id000294,Carmen Linares,female,singer,Andalucía,1951,references/id000294_1.jpg;references/id000294_2.jpg,0,1,
id000295,Cristina Pato,female,singer,Galicia,1980,references/id000295_1.jpg;references/id000295_2.jpg,0,1,
id000296,Amparo Sánchez,female,singer,Andalucía,1969,references/id000296_1.jpg;references/id000296_2.jpg,0,1,
id000297,Aiora Renteria,female,singer,País Vasco,1976,references/id000297_1.jpg;references/id000297_2.jpg,0,1,
id000298,Rosa López,female,singer,Andalucía,1981,references/id000298_1.jpg;references/id000298_2.jpg,0,1,
id000299,Inma Serrano,female,singer,Comunidad Valenciana,1968,references/id000299_1.jpg;references/id000299_2.jpg,0,1,
id000300,Anabel Conde,female,singer,Andalucía,1975,references/id000300_1.jpg;references/id000300_2.jpg,0,1,
id000301,Idaira,female,singer,Canarias,1985,references/id000301_1.jpg;references/id000301_2.jpg,0,1,
id000302,Dani Fernández,male,singer,Castilla-La Mancha,1991,references/id000302_1.jpg;references/id000302_2.jpg,0,1,
id000303,Ruth Lorenzo,female,singer,Murcia,1982,references/id000303_1.jpg;references/id000303_2.jpg,0,1,
id000304,Cristina Llorente,female,singer,Castilla y León,1985,references/id000304_1.jpg;references/id000304_2.jpg,0,1,
id000305,Bel Arjonna,female,singer,Madrid,1981,references/id000305_1.jpg;references/id000305_2.jpg,0,1,
id000306,Soleá Morente,female,singer,Madrid,1985,references/id000306_1.jpg;references/id000306_2.jpg,0,1,
id000307,José Luis Garci,male,tv_host,Madrid,1944,references/id000307_1.jpg;references/id000307_2.jpg,0,1,
id000308,Antonio Lobato,male,tv_host,Asturias,1965,references/id000308_1.jpg;references/id000308_2.jpg,0,1,
id000309,Florentino Fernández,male,tv_host,Madrid,1972,references/id000309_1.jpg;references/id000309_2.jpg,0,1,
id000310,Juan Tamariz,male,tv_host,Madrid,1942,references/id000310_1.jpg;references/id000310_2.jpg,0,1,
id000311,Jordi González,male,tv_host,Cataluña,1962,references/id000311_1.jpg;references/id000311_2.jpg,0,1,
id000312,José Yélamo,male,tv_host,Andalucía,1984,references/id000312_1.jpg;references/id000312_2.jpg,0,1,
id000313,Jaime Cantizano,male,tv_host,Andalucía,1973,references/id000313_1.jpg;references/id000313_2.jpg,0,1,
id000314,David Cantero,male,tv_host,Madrid,1961,references/id000314_1.jpg;references/id000314_2.jpg,0,1,
id000315,Juan Manuel López Iturriaga,male,tv_host,País Vasco,1959,references/id000315_1.jpg;references/id000315_2.jpg,0,1,
id000316,Alfonso Arteseros,male,tv_host,Madrid,1946,references/id000316_1.jpg;references/id000316_2.jpg,0,1,
id000317,Luis Bassat,male,tv_host,Cataluña,1941,references/id000317_1.jpg;references/id000317_2.jpg,0,1,
id000318,Jesús Cintora,male,tv_host,Castilla y León,1977,references/id000318_1.jpg;references/id000318_2.jpg,0,1,
id000319,Gómez Bermúdez,male,tv_host,Madrid,1956,references/id000319_1.jpg;references/id000319_2.jpg,0,1,
id000320,Ion Aramendi,male,tv_host,País Vasco,1977,references/id000320_1.jpg;references/id000320_2.jpg,0,1,
id000321,Jesús Calleja,male,tv_host,Castilla y León,1965,references/id000321_1.jpg;references/id000321_2.jpg,0,1,
id000322,Iñaki López,male,tv_host,País Vasco,1973,references/id000322_1.jpg;references/id000322_2.jpg,0,1,
id000323,Xosé Castro Roig,male,tv_host,Galicia,1968,references/id000323_1.jpg;references/id000323_2.jpg,0,1,
id000324,Rodrigo Vázquez,male,tv_host,Galicia,1987,references/id000324_1.jpg;references/id000324_2.jpg,0,1,
id000325,Xabier Usabiaga,male,tv_host,País Vasco,1969,references/id000325_1.jpg;references/id000325_2.jpg,0,1,
id000326,Toni Soler,male,tv_host,Cataluña,1965,references/id000326_1.jpg;references/id000326_2.jpg,0,1,
id000327,Gonzalo Miró,male,tv_host,Madrid,1981,references/id000327_1.jpg;references/id000327_2.jpg,0,1,
id000328,Santi Acosta,male,tv_host,Madrid,1966,references/id000328_1.jpg;references/id000328_2.jpg,0,1,
id000329,Rubén Sanz,male,tv_host,Madrid,1979,references/id000329_1.jpg;references/id000329_2.jpg,0,1,
id000330,Roberto Vilar,male,tv_host,Galicia,1971,references/id000330_1.jpg;references/id000330_2.jpg,0,1,
id000331,Risto Mejide,male,tv_host,Cataluña,1974,references/id000331_1.jpg;references/id000331_2.jpg,0,1,
id000332,Ramoncín,male,tv_host,Madrid,1955,references/id000332_1.jpg;references/id000332_2.jpg,0,1,
id000333,Màxim Huerta,male,tv_host,Comunidad Valenciana,1971,references/id000333_1.jpg;references/id000333_2.jpg,0,1,
id000334,Pepe Navarro,male,tv_host,Andalucía,1951,references/id000334_1.jpg;references/id000334_2.jpg,0,1,
id000335,Marta Torné,female,tv_host,Cataluña,1978,references/id000335_1.jpg;references/id000335_2.jpg,0,1,
id000336,Bárbara Rey,female,tv_host,Murcia,1950,references/id000336_1.jpg;references/id000336_2.jpg,0,1,
id000337,Carolina Cerezuela,female,tv_host,Comunidad Valenciana,1980,references/id000337_1.jpg;references/id000337_2.jpg,0,1,
id000338,Mamen Mendizábal,female,tv_host,Madrid,1976,references/id000338_1.jpg;references/id000338_2.jpg,0,1,
id000339,Arancha de Benito,female,tv_host,Madrid,1969,references/id000339_1.jpg;references/id000339_2.jpg,0,1,
id000340,Sandra Barneda,female,tv_host,Cataluña,1975,references/id000340_1.jpg;references/id000340_2.jpg,0,1,
id000341,Nuria Marín,female,tv_host,Cataluña,1981,references/id000341_1.jpg;references/id000341_2.jpg,0,1,
id000342,Samanta Villar,female,tv_host,Cataluña,1975,references/id000342_1.jpg;references/id000342_2.jpg,0,1,
id000343,Emma García,female,tv_host,País Vasco,1973,references/id000343_1.jpg;references/id000343_2.jpg,0,1,
id000344,Patricia Gaztañaga,female,tv_host,País Vasco,1966,references/id000344_1.jpg;references/id000344_2.jpg,0,1,
id000345,Paloma Lago,female,tv_host,Galicia,1967,references/id000345_1.jpg;references/id000345_2.jpg,0,1,
id000346,Norma Duval,female,tv_host,Cataluña,1956,references/id000346_1.jpg;references/id000346_2.jpg,0,1,
id000347,Lara Álvarez,female,tv_host,Asturias,1986,references/id000347_1.jpg;references/id000347_2.jpg,0,1,
id000348,María Patiño,female,tv_host,Galicia,1971,references/id000348_1.jpg;references/id000348_2.jpg,0,1,
id000349,Manuela Velasco,female,tv_host,Madrid,1975,references/id000349_1.jpg;references/id000349_2.jpg,0,1,
id000350,Kira Miró,female,tv_host,Canarias,1980,references/id000350_1.jpg;references/id000350_2.jpg,0,1,
id000351,Toñi Moreno,female,tv_host,Andalucía,1973,references/id000351_1.jpg;references/id000351_2.jpg,0,1,
id000352,Eva González,female,tv_host,Andalucía,1980,references/id000352_1.jpg;references/id000352_2.jpg,0,1,
id000353,Esther Arroyo,female,tv_host,Andalucía,1968,references/id000353_1.jpg;references/id000353_2.jpg,0,1,
id000354,Belén Esteban,female,tv_host,Madrid,1973,references/id000354_1.jpg;references/id000354_2.jpg,0,1,
id000355,Carmen Lomana,female,tv_host,Castilla y León,1948,references/id000355_1.jpg;references/id000355_2.jpg,0,1,
id000356,Terelu Campos,female,tv_host,Andalucía,1965,references/id000356_1.jpg;references/id000356_2.jpg,0,1,
id000357,Juan Ramón Lucas,male,journalist,Madrid,1958,references/id000357_1.jpg;references/id000357_2.jpg,0,1,
id000358,Alejandro Cao de Benós,male,journalist,Cataluña,1974,references/id000358_1.jpg;references/id000358_2.jpg,0,1,
id000359,Hermann Tertsch,male,journalist,Madrid,1958,references/id000359_1.jpg;references/id000359_2.jpg,0,1,
id000360,Xavier Sardà,male,journalist,Cataluña,1958,references/id000360_1.jpg;references/id000360_2.jpg,0,1,
id000361,Javier Ares,male,journalist,Castilla y León,1954,references/id000361_1.jpg;references/id000361_2.jpg,0,1,
id000362,Jaime Alguersuari,male,journalist,Cataluña,1950,references/id000362_1.jpg;references/id000362_2.jpg,0,1,
id000363,Ignacio Ramonet,male,journalist,Galicia,1943,references/id000363_1.jpg;references/id000363_2.jpg,0,1,
id000364,Ferrán Martínez Garriga,male,journalist,Cataluña,1968,references/id000364_1.jpg;references/id000364_2.jpg,0,1,
id000365,Manu Carreño,male,journalist,Castilla y León,1969,references/id000365_1.jpg;references/id000365_2.jpg,0,1,
id000366,Xabier Fortes,male,journalist,Galicia,1966,references/id000366_1.jpg;references/id000366_2.jpg,0,1,
id000367,María Casado Paredes,female,journalist,Cataluña,1978,references/id000367_1.jpg;references/id000367_2.jpg,0,1,
id000368,Maruja Torres,female,journalist,Cataluña,1943,references/id000368_1.jpg;references/id000368_2.jpg,0,1,
id000369,Irene Villa,female,journalist,Madrid,1978,references/id000369_1.jpg;references/id000369_2.jpg,0,1,
id000370,Cristina Tárrega,female,journalist,Comunidad Valenciana,1967,references/id000370_1.jpg;references/id000370_2.jpg,0,1,
id000371,Beatriz Montañez,female,journalist,Castilla-La Mancha,1977,references/id000371_1.jpg;references/id000371_2.jpg,0,1,
id000372,Berta Collado,female,journalist,Castilla-La Mancha,1979,references/id000372_1.jpg;references/id000372_2.jpg,0,1,
id000373,Anna Simon,female,journalist,Cataluña,1982,references/id000373_1.jpg;references/id000373_2.jpg,0,1,
id000374,Ana Blanco,female,journalist,País Vasco,1960,references/id000374_1.jpg;references/id000374_2.jpg,0,1,
id000375,Cristina Fallarás,female,journalist,Aragón,1968,references/id000375_1.jpg;references/id000375_2.jpg,0,1,
id000376,Ana García-Siñeriz,female,journalist,Asturias,1965,references/id000376_1.jpg;references/id000376_2.jpg,0,1,
id000377,Isabel Jiménez,female,journalist,Andalucía,1982,references/id000377_1.jpg;references/id000377_2.jpg,0,1,
id000378,Adela Úcar,female,journalist,País Vasco,1980,references/id000378_1.jpg;references/id000378_2.jpg,0,1,
id000379,Montserrat Domínguez,female,journalist,Madrid,1963,references/id000379_1.jpg;references/id000379_2.jpg,0,1,
id000380,Alejandra Andreu,female,journalist,Aragón,1990,references/id000380_1.jpg;references/id000380_2.jpg,0,1,
id000381,Josema Yuste,male,comedian,Madrid,1954,references/id000381_1.jpg;references/id000381_2.jpg,0,1,
id000382,Carlos Librado,male,comedian,Madrid,1976,references/id000382_1.jpg;references/id000382_2.jpg,0,1,
id000383,Agustín Jiménez,male,comedian,Extremadura,1970,references/id000383_1.jpg;references/id000383_2.jpg,0,1,
id000384,J. J. Vaquero,male,comedian,Castilla y León,1973,references/id000384_1.jpg;references/id000384_2.jpg,0,1,
id000385,César Cadaval,male,comedian,Andalucía,1963,references/id000385_1.jpg;references/id000385_2.jpg,0,1,
id000386,Iggy Rubín,male,comedian,Madrid,1984,references/id000386_1.jpg;references/id000386_2.jpg,0,1,
id000387,Agustín el Casta,male,comedian,Andalucía,1963,references/id000387_1.jpg;references/id000387_2.jpg,0,1,
id000388,Óscar Terol,male,comedian,País Vasco,1969,references/id000388_1.jpg;references/id000388_2.jpg,0,1,
id000389,Galder Varas,male,comedian,País Vasco,1987,references/id000389_1.jpg;references/id000389_2.jpg,0,1,
id000390,Secun de la Rosa,male,comedian,Cataluña,1969,references/id000390_1.jpg;references/id000390_2.jpg,0,1,
id000391,Mireia Portas,female,comedian,Cataluña,1972,references/id000391_1.jpg;references/id000391_2.jpg,0,1,
id000392,Martita de Graná,female,comedian,Andalucía,1989,references/id000392_1.jpg;references/id000392_2.jpg,0,1,
id000393,Pepa Rus,female,comedian,Andalucía,1985,references/id000393_1.jpg;references/id000393_2.jpg,0,1,
id000394,Llum Barrera,female,comedian,Illes Balears,1968,references/id000394_1.jpg;references/id000394_2.jpg,0,1,
id000395,Gerard Piqué,male,athlete,Cataluña,1987,references/id000395_1.jpg;references/id000395_2.jpg,0,1,
id000396,David Villa,male,athlete,Asturias,1981,references/id000396_1.jpg;references/id000396_2.jpg,0,1,
id000397,Fernando Torres,male,athlete,Madrid,1984,references/id000397_1.jpg;references/id000397_2.jpg,0,1,
id000398,Carles Puyol,male,athlete,Cataluña,1978,references/id000398_1.jpg;references/id000398_2.jpg,0,1,
id000399,Álvaro Morata,male,athlete,Madrid,1992,references/id000399_1.jpg;references/id000399_2.jpg,0,1,
id000400,Daniel Carvajal,male,athlete,Madrid,1992,references/id000400_1.jpg;references/id000400_2.jpg,0,1,
id000401,David de Gea,male,athlete,Madrid,1990,references/id000401_1.jpg;references/id000401_2.jpg,0,1,
id000402,Cesc Fàbregas,male,athlete,Cataluña,1987,references/id000402_1.jpg;references/id000402_2.jpg,0,1,
id000403,Sergio Busquets,male,athlete,Cataluña,1988,references/id000403_1.jpg;references/id000403_2.jpg,0,1,
id000404,Julen Lopetegui,male,athlete,País Vasco,1966,references/id000404_1.jpg;references/id000404_2.jpg,0,1,
id000405,Sergio Canales,male,athlete,Cantabria,1991,references/id000405_1.jpg;references/id000405_2.jpg,0,1,
id000406,Julio Salinas,male,athlete,País Vasco,1962,references/id000406_1.jpg;references/id000406_2.jpg,0,1,
id000407,Alberto Contador,male,athlete,Madrid,1982,references/id000407_1.jpg;references/id000407_2.jpg,0,1,
id000408,Emilio Butragueño,male,athlete,Madrid,1963,references/id000408_1.jpg;references/id000408_2.jpg,0,1,
id000409,Isco Alarcón,male,athlete,Andalucía,1992,references/id000409_1.jpg;references/id000409_2.jpg,0,1,
id000410,Sergio Ramos,male,athlete,Andalucía,1986,references/id000410_1.jpg;references/id000410_2.jpg,0,1,
id000411,Fernando Morientes,male,athlete,Extremadura,1976,references/id000411_1.jpg;references/id000411_2.jpg,0,1,
id000412,Marc Cucurella,male,athlete,Cataluña,1998,references/id000412_1.jpg;references/id000412_2.jpg,0,1,
id000413,Arantxa Sánchez Vicario,female,athlete,Cataluña,1971,references/id000413_1.jpg;references/id000413_2.jpg,0,1,
id000414,Conchita Martínez,female,athlete,Aragón,1972,references/id000414_1.jpg;references/id000414_2.jpg,0,1,
id000415,Maite Zúñiga,female,athlete,País Vasco,1964,references/id000415_1.jpg;references/id000415_2.jpg,0,1,
id000416,Joane Somarriba,female,athlete,País Vasco,1972,references/id000416_1.jpg;references/id000416_2.jpg,0,1,
id000417,Carla Suárez,female,athlete,Canarias,1988,references/id000417_1.jpg;references/id000417_2.jpg,0,1,
id000418,Dori Ruano,female,athlete,Castilla y León,1969,references/id000418_1.jpg;references/id000418_2.jpg,0,1,
id000419,Alba Torrens,female,athlete,Illes Balears,1989,references/id000419_1.jpg;references/id000419_2.jpg,0,1,
id000420,Paula Badosa,female,athlete,Cataluña,1997,references/id000420_1.jpg;references/id000420_2.jpg,0,1,
id000421,Teresa Perales,female,athlete,Aragón,1975,references/id000421_1.jpg;references/id000421_2.jpg,0,1,
id000422,Lara Arruabarrena,female,athlete,País Vasco,1992,references/id000422_1.jpg;references/id000422_2.jpg,0,1,
id000423,Erika Villaécija,female,athlete,Cataluña,1984,references/id000423_1.jpg;references/id000423_2.jpg,0,1,
id000424,Arturo Pérez-Reverte,male,writer,Murcia,1951,references/id000424_1.jpg;references/id000424_2.jpg,0,1,
id000425,Juan Manuel de Prada,male,writer,País Vasco,1970,references/id000425_1.jpg;references/id000425_2.jpg,0,1,
id000426,Andrés Trapiello,male,writer,Castilla y León,1953,references/id000426_1.jpg;references/id000426_2.jpg,0,1,
id000427,César Antonio Molina,male,writer,Galicia,1952,references/id000427_1.jpg;references/id000427_2.jpg,0,1,
id000428,Javier Cercas,male,writer,Extremadura,1962,references/id000428_1.jpg;references/id000428_2.jpg,0,1,
id000429,Antonio Muñoz Molina,male,writer,Andalucía,1956,references/id000429_1.jpg;references/id000429_2.jpg,0,1,
id000430,Fernando Savater,male,writer,País Vasco,1947,references/id000430_1.jpg;references/id000430_2.jpg,0,1,
id000431,Fernando Aramburu,male,writer,País Vasco,1959,references/id000431_1.jpg;references/id000431_2.jpg,0,1,
id000432,Bernardo Atxaga,male,writer,País Vasco,1951,references/id000432_1.jpg;references/id000432_2.jpg,0,1,
id000433,Jon Juaristi,male,writer,País Vasco,1951,references/id000433_1.jpg;references/id000433_2.jpg,0,1,
id000434,Agustín Fernández Mallo,male,writer,Galicia,1967,references/id000434_1.jpg;references/id000434_2.jpg,0,1,
id000435,Julia Navarro,female,writer,Madrid,1953,references/id000435_1.jpg;references/id000435_2.jpg,0,1,
id000436,Elvira Lindo,female,writer,Andalucía,1962,references/id000436_1.jpg;references/id000436_2.jpg,0,1,
id000437,Ana Merino,female,writer,Madrid,1971,references/id000437_1.jpg;references/id000437_2.jpg,0,1,
id000438,María Oruña,female,writer,Galicia,1976,references/id000438_1.jpg;references/id000438_2.jpg,0,1,
id000439,Clara Sánchez,female,writer,Castilla-La Mancha,1955,references/id000439_1.jpg;references/id000439_2.jpg,0,1,
id000440,Care Santos,female,writer,Cataluña,1970,references/id000440_1.jpg;references/id000440_2.jpg,0,1,
id000441,Belén Gopegui,female,writer,Madrid,1963,references/id000441_1.jpg;references/id000441_2.jpg,0,1,
id000442,Elena Medel,female,writer,Andalucía,1985,references/id000442_1.jpg;references/id000442_2.jpg,0,1,
id000443,Joan Laporta,male,politician,Cataluña,1962,references/id000443_1.jpg;references/id000443_2.jpg,0,1,
id000444,Baltasar Garzón,male,politician,Andalucía,1955,references/id000444_1.jpg;references/id000444_2.jpg,0,1,
id000445,Arnaldo Otegi,male,politician,País Vasco,1958,references/id000445_1.jpg;references/id000445_2.jpg,0,1,
id000446,Francisco de la Torre Prados,male,politician,Andalucía,1942,references/id000446_1.jpg;references/id000446_2.jpg,0,1,
id000447,José Bono,male,politician,Castilla-La Mancha,1950,references/id000447_1.jpg;references/id000447_2.jpg,0,1,
id000448,Miquel Iceta,male,politician,Cataluña,1960,references/id000448_1.jpg;references/id000448_2.jpg,0,1,
id000449,Gabriel Rufián,male,politician,Cataluña,1982,references/id000449_1.jpg;references/id000449_2.jpg,0,1,
id000450,Alfonso Rueda,male,politician,Galicia,1968,references/id000450_1.jpg;references/id000450_2.jpg,0,1,
id000451,Cristina Narbona,female,politician,Madrid,1951,references/id000451_1.jpg;references/id000451_2.jpg,0,1,
id000452,Concepción Gamarra Ruiz-Clavijo,female,politician,La Rioja,1974,references/id000452_1.jpg;references/id000452_2.jpg,0,1,
id000453,Esperanza Aguirre,female,politician,Madrid,1952,references/id000453_1.jpg;references/id000453_2.jpg,0,1,
id000454,Ana Botella,female,politician,Madrid,1953,references/id000454_1.jpg;references/id000454_2.jpg,0,1,
id000455,Ana Palacio,female,politician,Madrid,1948,references/id000455_1.jpg;references/id000455_2.jpg,0,1,
id000456,María Dolores de Cospedal,female,politician,Madrid,1965,references/id000456_1.jpg;references/id000456_2.jpg,0,1,
id000457,Carmen Calvo Poyato,female,politician,Andalucía,1957,references/id000457_1.jpg;references/id000457_2.jpg,0,1,
id000458,Rosa Díez,female,politician,País Vasco,1952,references/id000458_1.jpg;references/id000458_2.jpg,0,1,
id000459,Cristina Almeida,female,politician,Extremadura,1944,references/id000459_1.jpg;references/id000459_2.jpg,0,1,
id000460,María Teresa Fernández de la Vega,female,politician,Comunidad Valenciana,1949,references/id000460_1.jpg;references/id000460_2.jpg,0,1,
id000461,Elena Valenciano,female,politician,Madrid,1960,references/id000461_1.jpg;references/id000461_2.jpg,0,1,
id000462,Jon Kortajarena,male,model,País Vasco,1985,references/id000462_1.jpg;references/id000462_2.jpg,0,1,
id000463,Carlos Lozano,male,model,Madrid,1962,references/id000463_1.jpg;references/id000463_2.jpg,0,1,
id000464,Pelayo Díaz,male,model,Asturias,1986,references/id000464_1.jpg;references/id000464_2.jpg,0,1,
id000465,Feliciano López,male,model,Castilla-La Mancha,1981,references/id000465_1.jpg;references/id000465_2.jpg,0,1,
id000466,David Amor,male,model,Galicia,1980,references/id000466_1.jpg;references/id000466_2.jpg,0,1,
id000467,Alejandro Albarracín,male,model,Andalucía,1982,references/id000467_1.jpg;references/id000467_2.jpg,0,1,
id000468,Javier de Miguel,male,model,Madrid,1983,references/id000468_1.jpg;references/id000468_2.jpg,0,1,
id000469,Belén Fabra,female,model,Cataluña,1977,references/id000469_1.jpg;references/id000469_2.jpg,0,1,
id000470,Eva Pedraza,female,model,Andalucía,1971,references/id000470_1.jpg;references/id000470_2.jpg,0,1,
id000471,Esmeralda Moya,female,model,Madrid,1985,references/id000471_1.jpg;references/id000471_2.jpg,0,1,
id000472,Nieves Álvarez,female,model,Madrid,1974,references/id000472_1.jpg;references/id000472_2.jpg,0,1,
id000473,Eugenia Silva,female,model,Madrid,1976,references/id000473_1.jpg;references/id000473_2.jpg,0,1,
id000474,Ares Teixidó,female,tv_host,Cataluña,1987,references/id000474_1.jpg;references/id000474_2.jpg,0,1,
id000475,Helen Lindes,female,model,Cataluña,1981,references/id000475_1.jpg;references/id000475_2.jpg,0,1,
id000476,Alba Carrillo,female,model,Madrid,1986,references/id000476_1.jpg;references/id000476_2.jpg,0,1,
id000477,Elisabeth Reyes,female,model,Andalucía,1985,references/id000477_1.jpg;references/id000477_2.jpg,0,1,
id000478,Garbiñe Abasolo,female,model,País Vasco,1964,references/id000478_1.jpg;references/id000478_2.jpg,0,1,
id000479,Almudena Fernández,female,model,Castilla y León,1977,references/id000479_1.jpg;references/id000479_2.jpg,0,1,
id000480,Malena Costa,female,model,Illes Balears,1989,references/id000480_1.jpg;references/id000480_2.jpg,0,1,
id000481,Dabiz Muñoz,male,chef,Madrid,1980,references/id000481_1.jpg;references/id000481_2.jpg,0,1,
id000482,Alberto Chicote,male,chef,Madrid,1969,references/id000482_1.jpg;references/id000482_2.jpg,0,1,
id000483,Albert Barniol,male,scientist,Cataluña,1972,references/id000483_1.jpg;references/id000483_2.jpg,0,1,
id000484,Jorge Mira,male,scientist,Galicia,1968,references/id000484_1.jpg;references/id000484_2.jpg,0,1,
id000485,Avelino Corma,male,scientist,Comunidad Valenciana,1951,references/id000485_1.jpg;references/id000485_2.jpg,0,1,
id000486,David Jou,male,scientist,Cataluña,1953,references/id000486_1.jpg;references/id000486_2.jpg,0,1,
id000487,Agustín Sánchez-Lavega,male,scientist,País Vasco,1954,references/id000487_1.jpg;references/id000487_2.jpg,0,1,
id000488,Mariano Barbacid,male,scientist,Madrid,1949,references/id000488_1.jpg;references/id000488_2.jpg,0,1,
id000489,Eduardo Battaner,male,scientist,Castilla y León,1945,references/id000489_1.jpg;references/id000489_2.jpg,0,1,
id000490,Ángel Carracedo,male,scientist,Galicia,1955,references/id000490_1.jpg;references/id000490_2.jpg,0,1,
id000491,Eugenio Coronado,male,scientist,Comunidad Valenciana,1959,references/id000491_1.jpg;references/id000491_2.jpg,0,1,
id000492,Enrique Castillo Ron,male,scientist,Galicia,1946,references/id000492_1.jpg;references/id000492_2.jpg,0,1,
id000493,Eva Nogales,female,scientist,Madrid,1965,references/id000493_1.jpg;references/id000493_2.jpg,0,1,
id000494,Ana María Cuervo,female,scientist,Cataluña,1966,references/id000494_1.jpg;references/id000494_2.jpg,0,1,
id000495,Margarita del Val,female,scientist,Madrid,1959,references/id000495_1.jpg;references/id000495_2.jpg,0,1,
id000496,Celia Sánchez-Ramos,female,scientist,Aragón,1959,references/id000496_1.jpg;references/id000496_2.jpg,0,1,
id000497,Ana Crespo,female,scientist,Canarias,1948,references/id000497_1.jpg;references/id000497_2.jpg,0,1,
id000498,Cristina Uriarte,female,scientist,País Vasco,1961,references/id000498_1.jpg;references/id000498_2.jpg,0,1,
id000499,Sonia Fernández-Vidal,female,scientist,Cataluña,1978,references/id000499_1.jpg;references/id000499_2.jpg,0,1,
id000500,Adela Muñoz Páez,female,scientist,Andalucía,1958,references/id000500_1.jpg;references/id000500_2.jpg,0,1,
